arrival_rate,service_rate,doctors,avg_wait_time
1.2295438595389734,9.980229888101036,2,0.0006117986218314684
1.6644271016898384,3.9958545421607656,5,0.0
4.361449588622405,4.978304683609448,5,0.0
8.902171278182777,5.707116485329186,1,19.235328736305103
4.399243899259523,11.505464749300302,4,0.0
1.3239032472478602,4.542553750870881,4,0.0
3.8314510549004224,10.599579331381925,1,0.05557887909216798
7.999136895184971,7.363930323381413,2,0.05138559058136187
5.121304779692231,3.3452739620467833,3,0.03077441024620126
7.8528413034668105,2.343195865619296,4,0.4531695559854007
9.840826644257973,9.352798905133419,4,0.0007568659789446194
9.79382420617359,7.011994927752218,1,15.15551714811023
5.776915086596653,4.066302151713781,1,10.856973809203845
2.1191105441190414,8.442555990986124,2,0.0010500877124104105
2.794597883424772,3.7211139083847415,1,0.6027890107083934
8.575389857219905,8.65834113506954,2,0.034185995447748245
6.3806641001289925,4.819000861682786,5,0.0012948057098972146
4.293291547078807,9.659683908780245,2,0.004389172992591792
1.1277754388532246,5.852124744602678,3,0.0
2.6367642086593923,6.957398895283474,2,0.004015023108808467
8.2492926563273,5.7269137832047186,2,0.13858355197037733
9.309196378759756,3.5401455805291775,3,0.30043237271821516
7.533038173970472,3.9404861528900597,2,1.75946312752674
1.214717807138043,6.310263058887566,3,0.0
8.161767934370944,4.087286014923043,4,0.03985128107237524
3.7147123878473596,11.940204573024397,5,0.0
1.902898324148799,7.125589784271332,3,7.344300262841322e-05
9.226491168074734,8.747823725694852,4,0.0005154999138100921
1.7397493920170413,4.915636533132405,3,0.0
3.3032014840153585,9.630010164144396,4,0.0
1.057479838420613,5.562701658924733,1,0.04575842890906608
4.204744001034127,2.9960288379454187,4,0.0028510833364511004
8.071160607449169,9.326899273820457,3,0.003004516525586052
2.066985637858318,5.5447337676082435,5,0.0
2.432978361476846,7.721418746730463,4,0.0
6.84442315469517,6.529970499653199,4,0.0011966345031904733
5.505807128856143,6.73282707820678,1,0.7975903859530435
6.90700948294556,11.26455829219644,2,0.00931796351684473
4.904886056598045,4.218031829234759,5,0.0007483655559290148
1.380722762008355,8.419315991939897,1,0.018990432346457756
3.5609155327138406,7.564695154501686,4,0.00017372901333857784
2.3893068010340928,9.727243198527649,5,0.0
3.957751416949482,11.092509888511515,5,0.0
6.282518801045724,6.530798128252074,5,0.0002667010727490244
6.3117536709277875,7.438474639079112,1,0.6070369629264826
6.420232374828445,2.1150665569185874,3,7.969572311304029
2.0897916325329557,4.967016374599937,5,0.0
2.4667413270660465,7.165136503968768,4,0.0
2.987720206919349,6.389010583820596,3,0.0006520607686556701
8.441770898987723,3.695150074121705,1,28.355457607838055
9.61298633500409,9.892946223849648,3,0.00718226712222965
9.009947859631405,7.797685603414403,1,11.028454738625593
6.110117219935334,8.705405622046293,4,0.00017210705333710972
9.606741492755637,3.011650599773064,3,2.426002505937665
6.47481905429176,5.5683097188882895,2,0.06806535982863932
3.142216828423176,8.721979360997752,2,0.0015377930733120012
9.303874116909427,9.065163144818317,5,2.481461558626581e-05
2.942432756587875,7.120877561707971,1,0.08400042062955003
7.389992384489044,2.0896074516817604,1,31.044937976714877
8.404045944390182,5.724392698330208,1,13.011632389857095
6.9583415772629245,11.096862267363804,4,0.0
6.655572944663662,3.3953851292275967,3,0.06458952387059357
5.162636513669191,7.474290027699871,1,0.18834494046469608
5.1036542390583834,6.479878897195485,5,0.0
7.814491853105059,11.436151084833373,5,3.431841583280098e-05
8.046499421817726,8.41971202086679,2,0.037484706766252415
5.812978628978931,4.792594948572221,4,0.0027534153501436696
4.35794808134261,2.7888420414999766,5,0.0018680425296459537
2.046366007857495,10.413952358500575,4,0.0
1.311337299623518,6.735979593679453,1,0.03678420165052082
6.606950820684611,2.3148450126923574,1,34.903132199702334
3.87547600615743,7.218702778206431,1,0.19824639289855428
9.99091477494972,8.224773935194968,2,0.07388762721037045
4.5664032119835,7.021420190635416,3,0.003516570943122997
5.812855849941141,7.0020198139644325,4,0.00023761426650399577
3.65751225667834,4.811720551669456,2,0.04053102157505685
9.31885256188335,8.420747001448847,1,5.523917483813996
3.2622485047613914,8.431606669511917,3,0.00033172961804567037
5.005053802618667,10.90136366299515,5,0.0
2.0554093459222695,3.439697727794772,4,0.0013144264852684676
3.7303311635272935,10.76982547127592,1,0.04467381060441718
7.233655289862929,10.746140462972274,4,8.408366679307617e-05
6.399082280737064,4.925878179936198,3,0.019989652041417186
7.550157255884907,7.426838751371471,2,0.052815673559280886
7.38423826307789,8.16049624245747,5,3.9817309067262905e-06
9.601051077353283,9.703360608022969,3,0.003739799014427947
2.0002454345067884,5.013170903655256,2,0.008529953323695518
4.521437990395187,9.660256074208657,4,0.0001805698805596443
2.9978548290451146,3.132555007348061,1,0.9853883987944461
4.759957947364199,9.027162025397137,3,0.000902921784363033
5.398284279843404,9.722773708248711,4,3.901060100070107e-06
7.449979846838966,3.9206475376327625,3,0.061497019220169105
6.056049885145676,2.565172079209942,2,8.280200747366026
3.769046210045548,9.705265662150897,3,0.0010500147585182048
6.856506662778967,4.043602453807005,2,0.33481514941191043
5.683196723432319,8.600253804019102,2,0.010139643941958772
8.110945483765814,4.095202130541965,3,0.13165255986117017
3.526762797615155,5.300891160196856,4,0.00012375713203289997
7.3812221841259955,4.758618224084277,5,0.0025043069858705722
8.642198467301522,8.731975345317812,1,2.7542021607141334
6.764362679175492,4.890042807232912,5,0.002524600670609391
5.766045920158734,2.7532687763707226,5,0.011981986327135893
4.190871382023351,4.218151573373248,1,0.9085263090003807
5.336293681936121,10.875547352455298,1,0.10702662789539766
9.655516439253864,9.212941017996869,3,0.002059312559849166
9.275144516957539,10.354805576590943,4,0.00019440003326047343
3.508309379413831,2.8153201779340016,4,0.007794096156334119
8.46058767519327,3.5375624865637114,3,0.28943511658992954
4.477377613258413,6.407308165187,5,0.0
4.630921209934291,3.0998753593268464,4,0.021173844412650085
2.880452543708213,10.276585449952467,5,0.0
3.017640838690424,11.25232369772451,3,0.0
3.0988389108689316,9.637299561482589,1,0.04216789512659673
1.801980781063759,6.207226444547116,5,0.0
5.924215283831822,11.308292452849399,3,0.0006011869458732598
4.054429279253911,2.5987361660408643,1,21.265594705758396
3.0393362660937817,3.7557347777518775,3,0.010582482325609259
7.971359842075569,11.804108189632068,3,0.0011032200469958094
5.208990061414957,8.261348363005784,5,0.0
9.03985417865227,6.254089153912197,3,0.02396963680523316
5.123525855342351,3.292545699571436,2,0.3648227460662259
2.9947861960196622,8.83679886451829,1,0.07538320374931656
4.825396425661233,10.539525148300086,3,0.0002680578749242975
2.1609304129441043,3.5532253572162,3,0.006998028895636832
4.104187771087858,7.041865405891286,3,0.0012946713006340349
9.14741423524215,9.02843394123881,5,0.000253656647365499
5.251406384337164,4.446754296805453,3,0.019042198787837444
8.509527167691378,2.260900134918675,4,2.0978185154424107
7.916782020447656,3.5069765562211748,3,0.2042862319577154
3.03268513040541,6.622114036764058,4,0.0
8.119632291392975,3.6415874012031018,3,0.1614071388320357
2.144738163730147,5.886056712335565,2,0.004829505928864866
5.934191291851654,8.877791387536115,5,1.9066715131506757e-06
6.681886961103897,2.4425228555294924,2,13.154889278892679
8.061632217665261,11.239774452169913,2,0.010226781508637926
8.00118113054145,10.79961959985152,4,2.0026707426842282e-05
9.800068344523549,6.429439073600977,5,0.0009925433637751279
3.240650565035565,10.136678206165987,1,0.03881122869954093
6.7823921874154305,9.7875506156149,4,0.00022644710406882892
4.182372048460209,5.416598461856744,3,0.002245826618650214
6.689692794953054,8.687308130109866,4,0.00016782590528526456
2.813723600558263,4.192419007640486,2,0.02535573178065437
3.3673352666106138,10.758999369388999,2,0.0020292144387024113
2.8101353230480473,5.468802651966518,2,0.007791656388565971
9.923496960152027,10.232489916485425,1,0.5544266491436205
5.124311907951289,9.515254750083304,3,0.0018154720185600587
5.952494244613485,8.657478677012904,1,0.19295929159688113
9.905578345715705,3.2654210238266392,5,0.10294724450375171
1.2255863953792892,6.8451218363383095,1,0.032991392498831505
9.237463184697827,7.761284622112935,5,0.000130120507132325
1.2223573936655225,8.416861955660629,5,0.0
7.644941967075112,8.028693436058127,5,0.00010119745366976326
7.886696137855891,5.720279031967552,2,0.14376368611554183
3.247176976352542,2.6863597288592693,2,0.2829808117586282
2.89810381537221,2.122184714143949,1,16.421565185878876
6.68789323786563,8.357685573605597,1,0.6248714597886296
2.222154353108298,8.251732319512165,4,0.0
6.404056395031569,9.580070798401938,3,0.001521672096401221
3.7430057765079905,8.451784968772605,2,0.002283294437641892
8.695087276288053,8.48746228013406,2,0.029958055885923093
1.6826774931457047,11.329287873963706,4,0.0
8.751599999917515,8.041704251466088,1,2.8216684500320315
5.639082013753258,3.023363868919467,5,0.0029451503998340297
4.136992606484727,3.4124529473871106,3,0.01896470176076091
7.226342367256315,7.967295433431451,3,0.004582394769272572
3.6004483472049467,11.910208677512516,3,4.826210460148983e-05
5.37483738396658,5.1283282021692616,4,0.004580239955335732
5.741439761653747,8.437818842939295,2,0.010519356349265171
8.886601422034506,8.167427218882832,2,0.041731060684971004
8.476240984205024,4.746503786080595,3,0.0410957591628678
7.1083815014297125,5.360491344514861,2,0.16965944913669812
9.424322388210586,6.64996645519757,1,16.39101148566234
5.456073635405411,11.077472569157262,4,0.0
6.451183572411211,5.2665157043488335,1,7.3564950016124175
7.847452150670551,8.458011521327904,3,0.0024224186788992554
8.630391796518156,10.857656852863979,2,0.01847486503143317
2.479718887103936,8.895115561433041,5,0.0
8.629582941664532,4.285924443740353,4,0.01748390126842961
3.0510393998992895,8.874094470096175,5,0.0
3.366108273963266,6.749090157894323,4,0.0002931953200700196
6.5763444976448655,10.354321950468542,2,0.010643387691748543
4.996122671065677,3.94653986045998,4,0.0026795954567734124
3.723241107474634,10.31175226263584,1,0.04408488861131377
8.892321556204289,6.828334100840856,4,0.002051329943249749
3.7882755086932978,8.516100675674831,1,0.0635157471025101
7.934513719159543,7.364398398377499,2,0.07138560306863158
2.3537802192428607,6.582105608511476,3,0.0002845982388199474
5.052237928272355,7.26467390162799,3,0.0011022914963426417
1.3899459547190474,10.377230053384519,3,0.0
5.1429449153366384,10.746528550107612,5,0.0
7.723988383963108,6.968991520365854,4,0.0008566489813016673
4.934158206282593,2.361746648993204,1,25.052430326586208
1.3585084073906202,8.024637583643942,5,0.0
3.704676617272192,4.562546826804935,3,0.0034282029864464124
7.435528497969122,11.988493522461429,5,0.0
9.571061265392597,8.507446721593134,1,8.160566758077756
9.491140707067354,6.257341962829515,2,0.1304320951517407
3.386906247208696,3.486215414030881,3,0.014892378835526233
7.935033971181154,7.302132103354844,4,0.001366407184625349
8.009672577068578,11.656935757888075,3,0.0016541142553318385
2.5824748964434763,2.8297341386635115,4,0.0043984946040073365
8.813098912411167,6.699667197359615,5,3.734261565106207e-07
4.132389006672863,6.097252909414308,2,0.01339970739514555
7.752092981323918,2.4656593315822755,4,0.22022853230101694
3.6645092163442974,10.50523704606364,5,0.0
2.2883621736585122,7.74371170409842,4,0.0
4.771544987345313,5.354923837145705,5,4.657891145027009e-05
9.843927419332577,2.287880121739984,2,26.751087927774567
3.4985753854625785,2.409219592451271,1,15.114262470832594
8.898040240666798,2.9439782224512228,2,21.707801487404904
9.383420531414217,2.944404217682658,1,37.334923030709206
6.07260414749995,8.151862007724453,3,0.0029702198996922214
1.1675606472998223,9.146554286637075,2,1.5195406152490974e-05
2.3301321053459363,3.1253086148169658,2,0.05295493868779252
8.175928905313762,8.518441440460217,1,0.5954549878668768
7.992827029856292,4.0441807158293015,3,0.09476746728746961
4.076979318470948,9.22959666229222,1,0.06937805114636972
3.3948192374988544,10.817916040119716,1,0.03224012841662974
1.6639727571561727,4.006594868282617,1,0.14014430856864554
2.5460281162948624,9.59832181072402,2,0.0032229762271729196
5.709812480735852,6.374243210499804,3,0.004397628286106544
3.360016234498892,3.0438410691452518,5,6.514886726502757e-06
4.124259074252073,4.555880230781077,1,4.517968087136582
4.341751630717912,7.1788961809307565,2,0.01977477135111326
7.365349341256036,3.8945176099945082,4,0.030148646676881465
8.616135521307797,7.3537239941268,4,0.0013284387299882946
3.3001100105427903,8.847836123775158,4,0.0
6.083632439063158,8.087096650130073,4,0.0007003592903523656
5.1649768405388965,6.211735592580565,5,0.00012336266020358084
9.382671505715962,7.71874433775096,1,8.2863617101449
4.222168407656936,7.939791550061382,4,7.174584492148233e-05
3.432279152392286,7.845037725027127,4,0.0
6.663851664507525,6.243018398206511,3,0.008290584874293846
7.196323377217645,10.239435811604439,5,6.703148432042903e-05
9.76827312232484,4.626472886924462,3,0.08701145857682199
5.018275889897925,9.174112551263454,5,0.0
2.797983589513331,3.2799136103002775,1,1.9396339700349015
1.3410919599588307,4.995468263295718,1,0.08312332163637975
4.178148478154499,11.527225824814224,2,0.002685829697224422
6.892720024852985,3.901702066110551,3,0.07846321010245938
5.359329107308602,7.201896597054859,1,0.28814499933691906
5.019541507931884,3.6077629921845515,5,8.734197649598886e-05
5.602872095609438,10.59443686210523,5,3.001758209348978e-06
1.6616638280172884,5.183024499203474,2,0.001147832499953751
4.4887366015725645,7.7631032375042235,1,0.2590630114897227
2.5317582568312558,9.874435165266704,2,0.003696011626771512
8.849458269486473,11.108687947894051,1,0.2759300859900559
5.787295724544028,6.194623917705346,4,0.0020038793514391595
2.9889414430667243,10.771708986863965,3,0.0
9.105426850117198,11.745686482566192,5,0.0001893729543353324
9.393322362568663,11.044181924435396,3,0.0016899810911683946
5.131724644729527,2.733430551731591,1,19.803564131935012
6.744622528771309,3.7733800238726447,5,0.0007005223664136346
4.043614423380015,5.083539298668013,5,0.0
5.76965747433002,5.692417715277082,4,0.0012257749437394412
2.7776320000900885,4.717470080267486,3,0.0029144258097288014
8.94283897684468,2.9095160732648964,5,0.030140383855408733
4.04651664753818,7.011145491555199,2,0.014359705752426153
3.4547097499451835,7.7568991352459875,2,0.006684353971412549
3.7744470371355336,9.679234835202848,3,0.00015894781639122502
8.275076041039181,9.223567682860843,4,0.0006118826145163203
3.843968125318777,10.97073621178359,3,0.00011747042907470446
9.983587459150597,9.023531483547767,4,0.0007464157196261294
3.6285123357434634,4.277023905410877,4,0.00023112935554739857
8.26775361797117,2.8536827646275222,1,32.08019267149633
6.842999512630526,3.5810686629508144,1,20.705560018855177
7.621800355225481,5.561926387732917,3,0.02359648194048285
4.772811714307727,9.00928225587968,3,0.00026171546289797455
8.338408252572306,11.175517871433204,4,8.333381357075963e-05
6.017705537066877,5.433750464883273,1,3.4982669127111454
8.722231371660495,3.3595596911894017,5,0.01251372262704469
8.963152274671039,5.783269385731974,4,0.005663699305283038
3.3719632481897217,4.699075738154707,2,0.08438082045625152
2.2845209800343724,6.313253731646036,5,0.0
2.81202286907997,5.999577795163599,3,0.0005730080668085787
5.729131640691978,9.152944384926823,5,0.0
2.386459035381776,11.283795340672896,3,0.0
4.5904236221492,7.69407247023618,1,0.16431992812569232
8.082233346275522,9.572015408217325,1,0.3883049628917591
3.4610704357821334,5.486366500758981,3,0.0020442965299617174
4.860923403495881,10.889814280503662,3,0.00018245115828281514
6.694904596870084,6.009683140316602,1,6.267202965649057
9.761629112517502,9.613469657454843,4,0.0004228134330941003
1.0160289787365024,6.296928138851061,5,0.0
2.331782455285251,5.931851233790228,5,0.0
6.100124849637869,8.880750809502171,1,0.30820090312232584
9.279300375168456,3.4120452908409895,5,0.018722666759938122
7.6848556304456315,6.312555608124274,1,11.086428722411448
4.424520055073222,11.706697563613766,1,0.04345251805957838
7.160879539762805,9.544421156695389,4,0.0014826752972312938
4.330985391937821,3.592385816484053,5,0.0002957149092018101
3.130414705402083,9.251741981961507,1,0.051955864181166905
8.484870352983892,2.7586018294871053,1,34.867833690358864
6.967160150445652,4.456962905913983,1,13.944958885997902
4.907325403060512,9.947778841013635,4,0.0
3.214160338309,6.806923101139761,1,0.14219515519714818
7.057324499593028,8.44505087820643,5,0.0
4.5403326913390805,8.563461827622,2,0.005454241603041902
9.590233384294615,7.790496181631476,3,0.006830386570589659
6.899005114729546,6.877546950592779,1,2.4408880181481236
5.784512500048792,6.84032950519313,4,0.0004055735281593061
1.6313806869742882,4.600891116410725,5,0.0
4.468910935825325,9.695803408759646,4,0.0001013820423096945
7.081353840180232,4.634495223293136,4,0.0074532986261100255
2.777631165493957,4.02045047803177,3,0.0005169198600565433
4.694344032757835,7.883178596332374,5,0.0
3.8370618220304986,6.807143703713011,1,0.14914315481208396
4.196015142199399,3.728391017745803,5,0.0008627796039604258
8.294456958152669,10.419702028868905,3,0.002321866380899219
6.411292173235489,3.102095121333572,2,5.2522202267343046
2.910838972615658,4.46293130973798,4,0.0007345135344494193
9.839115166082063,10.582318845828791,1,0.51761983202801
5.76490250890113,10.959412015675058,2,0.004776053833553695
7.543423659504641,9.060320690561314,1,0.7070689962374642
5.871762901589236,6.770068851952352,2,0.03545906982006835
8.010342045518815,3.116703772939055,2,10.865943216636948
4.9077509900746925,3.4844572148138058,2,0.38821111941891456
4.789592938214155,4.713520080531508,5,0.0029192136065397138
5.150421155288814,3.8889157701382597,5,0.0024678584819449946
2.689259683186581,3.4476649604707204,1,0.7679858377690161
4.487818081609919,6.312990980837002,2,0.019238068400692927
5.9454215433032545,9.69308778326019,1,0.08799666903969296
7.9063638701296295,4.5279582175986075,3,0.07773711317393057
6.154601974438815,5.187277978698794,5,0.0003287526938445609
9.949926955173256,7.811094706854259,3,0.008737812287071064
9.542277698533766,8.113166180084955,4,0.0014142290350033643
4.3246809273572335,5.727079644001321,1,0.31626612244378827
4.676723051412653,11.69331395975306,3,0.00032328416639986585
6.937856131896701,3.8055616577413938,2,0.6283787403111983
7.552686139341491,11.094127656191795,2,0.0076020982587979465
8.675148447783188,3.6168738142956163,3,0.4440362717249392
4.4074444386452765,2.7616218339028102,4,0.03178004934645866
4.294452367679693,3.7013764598622325,2,0.18883184271959794
9.888166121194992,9.737385647840222,2,0.039776255913767176
4.228559183200195,11.930507926584278,4,0.0
5.986304399301352,8.820029595652068,3,0.0017710895360499598
1.66698477339278,2.6488673613438625,1,0.7113896032496151
7.6054096238342845,4.704870499562565,1,16.958020621340374
9.00501600196033,7.985435502230527,5,9.507293373537141e-05
7.388005364188593,11.027478649412767,1,0.18243649532620776
9.694210536648516,4.277290823483779,2,8.35495486185513
3.28090744589035,5.562558052963264,1,0.22348633361392298
6.2141289559614385,2.302559778931607,2,15.182530316607435
7.748757452338217,5.8572756006058695,4,0.0025597098820371823
6.992564897887696,8.925525864577128,2,0.01575557290378875
1.776315383014574,4.233882539237921,3,0.00046946779958050456
3.817898420309564,2.23278188120608,5,0.004647930273423514
3.8589856559330156,5.9827419649528295,4,0.0
8.475000288382503,8.285588509851214,4,0.0015000658758097289
7.044974979171771,5.975574353099029,4,0.00309660855631972
1.3430980995187152,7.285559848550836,4,0.0
8.915484916824422,3.407508410278848,5,0.007163874657485646
7.053234638391456,3.040103230291992,2,6.669617612729984
3.0740364156624476,3.0003041234563472,4,0.0031865932057148637
7.432009481481038,11.194402596813372,4,4.354887546367535e-05
8.670462355188421,7.729441885968748,1,5.867170532191211
8.132984660713607,3.9784820710594153,2,2.9066145886373858
8.378747967688302,9.161115951037246,5,1.0058544968841598e-05
2.260565394884271,9.888980113229472,5,0.0
4.753080055136401,8.900320088887282,1,0.13846317770506497
3.7627176602688985,8.382151884826033,5,0.0
9.59823280956871,11.728765097474938,1,0.2029990610139215
8.041589620954564,11.464714287785549,4,0.0007332153901825171
8.203485288208476,11.567334732263728,3,0.002585395232025222
6.853516940341362,8.320469900935706,4,0.0002476382320289801
5.13395545876618,4.858883700002095,4,0.0004168831210560232
2.027642778124337,10.798313858985562,3,0.00011377630795084357
6.33061236536488,9.161037582526019,2,0.018171167458536776
8.10182191743813,11.149897663298178,1,0.33453478209107407
9.322020266641385,6.379256483866793,1,14.578910953176289
2.9757644650487958,10.476245903011163,2,0.0034364827241795295
3.1595994457996306,3.359550187906855,2,0.08018500929312448
5.889186268108228,7.176721617105667,4,0.0003265631079965033
4.0214689652506515,3.7064351245346576,5,0.0006827331004338423
3.3913860245255454,10.081375156234582,3,4.353817420736831e-05
9.893903462759678,9.796786585301483,2,0.03203280136419828
6.562568095145417,5.141646458259347,4,0.008412296716613286
5.162417400090934,8.50220499714603,1,0.1974893524122633
8.25613062300393,2.527424146801616,1,38.00357625944768
3.4529082930259642,10.75308577531851,2,0.0018070197759506902
9.79475787684516,7.151319892735709,4,0.00339246871541985
5.291865658447509,5.546548588263192,3,0.006948069717136841
5.752437490596864,5.28295310371164,3,0.007606198593944594
9.703105314633987,4.249640121283569,4,0.0511697047892177
6.416561150763603,3.3411958007875837,4,0.02989284017026575
9.396612694092838,4.3960413816927595,3,0.0812255533810615
5.969060917388782,3.646325167927066,4,0.013196978118782753
7.672712675553642,5.385297584030943,4,0.004032382935492814
5.642889761420486,9.017574020453274,2,0.005858715503539179
1.833307195373998,11.083790632336786,1,0.03706960144161622
8.378151963663848,11.217754875942267,1,0.21943301877385177
9.095568592161545,8.130757373957,3,0.007240015313506385
5.53887715788603,4.421810226685927,2,0.17135188835191176
1.914826256733805,10.351895867286496,4,0.0
2.5875937731823484,4.98683248903571,4,0.0
9.605516539703483,2.2566340476362483,5,0.15569175348823336
5.964724394796317,9.297333851307304,4,0.0
7.5883215791127565,10.99097860244445,5,0.0
4.814934983115535,6.723926725127072,4,0.000738989412477851
9.517560794417989,9.662667202180176,2,0.032509686595713856
6.132009064387721,8.597978223968466,2,0.019998596241589308
8.36829163082945,6.773865974140838,2,0.07983868761259244
6.147591754079077,4.897154564005761,2,0.07692655675432379
8.177547503836012,11.516867971896952,2,0.01141407661973647
5.8012898245892215,6.464547208894928,1,0.754568551726013
9.782953731758486,9.70365624278755,3,0.004864747609684838
9.822150261467929,9.286537184958329,1,4.412383722948003
9.567579254094182,4.010638900683519,4,0.03502899008197053
5.688531703822609,11.494393162235987,4,0.0
8.94726167374692,11.329184095191353,5,0.0
7.92670819046405,4.2583238410954944,4,0.01693779835419853
5.917220820937853,11.559846841856514,4,1.9551713842163816e-05
6.790400026559764,11.782596509931285,4,0.0002040626032882972
7.451471047897858,3.839635689146254,3,0.061030828464121736
3.1646120419189083,5.1157470256347874,5,0.0
8.141879700623768,10.456563633381538,5,3.601859671851265e-05
3.8831321936201078,5.736415661479581,3,0.0015437194928024805
3.672789441277941,2.9560669207752612,2,0.15925718723834362
8.060029957963618,8.59815216141493,3,0.0033450724784009184
5.011469499796217,5.589220133546323,5,0.00016077611584884073
3.1392404682983877,4.781336588587433,3,0.00015508225205036104
8.570200446422024,9.023894104809052,2,0.03598686809182864
8.53376688842652,10.54626912717652,1,0.23417258981462172
9.760230433633875,10.96186409484746,3,0.0033333306578492835
2.191037334699112,10.912278085125084,3,0.0005890989631076752
9.343831077828295,8.181866449065652,5,0.0002020191462313106
6.289318396308657,10.471657739533901,2,0.00940404792909971
2.647637461554129,8.108488197577088,4,0.0
6.950602785723179,4.00136731135312,4,0.016622302845599658
9.148688863484358,3.3386110514270055,1,31.053727244980596
4.7239030221786305,4.348997436615059,4,0.0015666061647038206
8.487379383541406,3.22739961967385,3,1.63681621701854
7.485645724109195,5.478039903521383,1,12.989714550931653
3.2364485282409716,3.2954461968083155,2,0.1321010600184431
2.9831994641681376,5.5182814194729675,3,0.002777374113509414
5.052927139601699,10.78339587335035,5,0.0
8.673620238903439,5.198893623470225,4,0.011636139934924987
1.8743326867442085,10.84789113668179,1,0.02782501082051112
5.172861130295642,2.503641470011671,3,0.20779375967869185
6.105669420917945,4.661636871299623,4,0.004707286440681272
6.759145460722783,5.3936898270006886,1,11.479131600220517
6.029520538659695,6.710673456891108,4,0.00016216727345770866
6.289505251220656,9.810907672680443,2,0.01568078496046083
6.049900725720139,2.1900023233363313,1,30.769699066830583
8.433892984874628,4.5598263186234425,3,0.11756625517667142
9.97164800444006,6.075863861865862,3,0.028774686973129193
9.221461407996921,11.26791952922694,4,0.00011777618754200287
2.5271576915110177,4.871919560671693,3,0.0007370593559667994
5.460917947046575,10.140022312831075,1,0.09132383027920699
4.368971296723297,9.514707553004904,2,0.004923862089581764
7.1804135041573725,2.0787809676035955,1,34.84946729624477
4.458623314834112,10.84676836177213,3,0.000204112788069618
9.569449569872267,7.189033560949757,2,0.10793797781702978
6.195671095019128,3.300348892504015,1,20.764510283970324
3.806461622911188,6.310339002226174,5,0.0
8.814776936038973,3.8987649568802665,1,27.895769590945235
1.236772083342622,5.107365129785006,1,0.03377642728298507
5.0566705948337045,2.8697594405199203,5,0.004194469591189338
3.7573310409584066,9.768132903158007,3,0.00041655045910733734
7.0764147393681105,3.5432979454078666,3,0.12566632342344436
7.364291365288524,11.431607949585146,1,0.13695806019509738
1.8183739418995364,8.251223863973149,3,0.0
2.6169522638343463,9.641414832618498,2,0.0005512644023300467
5.849755222278068,2.268065142166054,4,0.14173175080459288
3.301780280835579,4.955299052750085,5,0.0
4.044281477364942,5.498634194450901,2,0.02646434248181139
8.495014116785043,3.913023413275611,1,28.823694572237038
4.747682280086153,5.59470093996917,1,0.8332930803360445
9.380412510867323,2.7691712499236383,3,6.2407461992200375
5.643940126464976,7.415772448487733,3,0.0023486754477671486
6.3916968343614755,6.063305518383449,4,0.0022566538633626418
2.634495012449275,4.365391802083784,4,0.001615945974680749
3.600149185831396,9.800711122756624,3,0.00011808153623111971
8.056978373538342,2.608224947210884,4,0.16664555525807265
6.929050855209415,6.202372232664589,4,0.0016404643530798177
8.66594241427434,10.117498210403395,2,0.016884642213689263
5.971020776108075,11.968767901245116,5,0.0
6.620640649802262,7.157756947270768,4,0.00037565798394003015
7.891394878564867,4.1605201210822775,3,0.08432233408185552
7.550057654493575,3.925371122383538,3,0.07953519385734839
5.428571460467703,9.750125400761547,2,0.012719174191555029
8.206666620457003,9.09831833419399,5,0.00024292625711109492
1.3869284012690564,6.459777551065248,1,0.038104877828026566
9.439330012664003,11.642065222241962,3,0.0029083995400100548
2.61227243264918,5.094623523369577,1,0.1323324936910881
5.298609280833731,6.072622293957454,4,0.00014238528389141843
8.939683119563593,11.913282484085181,4,0.0006969706634901067
6.567394374082428,3.4934774734050658,4,0.009278818569772293
4.94953329792426,9.87548197215148,3,0.0006145688906785077
4.877273035448237,10.01188011436829,4,0.0
6.989153808445302,10.70693384065011,4,1.3173138304264509e-06
4.988340659298101,9.160328468783675,5,0.0
8.626143924334933,5.06986436533379,4,0.011728156020526254
4.461135708802052,8.762513467202698,2,0.009802204429622877
9.133046351746719,5.939242867170578,2,0.1859272631305261
8.056783600031336,6.948994978665416,2,0.06843097476806162
5.891213063137495,9.21805635057148,1,0.20252652364543985
5.481455310611486,11.772595008376424,3,0.000473348577324951
3.6656230930146885,5.0196124270599825,3,0.0037571707286823547
9.705563958022957,5.929295365449904,2,0.24859160097790017
4.730051262714628,3.2972592086569765,4,0.017049363051676168
5.991613745570431,5.947890419178864,4,0.0017341516353857318
6.061602385087946,4.8195142108907225,4,0.006461252779121868
5.507989027837419,4.032355254603713,4,0.0053181333480973566
5.682031906713606,6.609659049032269,2,0.02416705214913736
4.42744478826353,6.63177624489383,1,0.3979193462773181
9.497405257623491,2.8506510714023285,4,0.3274778315133664
8.869191962465079,3.583245439926558,1,29.108300646196366
7.6803468316281895,4.949086413133665,2,0.30427997380143545
4.19375500214702,2.8111769395112702,5,0.003089036843374078
7.50450529895975,10.127663723773416,1,0.21003159751013978
4.132162536140639,10.349219702708996,1,0.06518916511181815
1.803902677710305,9.776413024961283,3,0.0
9.098249851018984,9.168425663866405,3,0.004105776846561876
5.57295326484575,6.320173051500733,2,0.04059811089991121
2.9971498076423155,10.893128142925237,3,7.904820439471532e-06
2.150307602406514,7.155018766429162,5,0.0
6.809191726725029,4.445293184815408,1,17.409091248449005
6.9170334902860695,7.497675531603857,2,0.05396495871636951
1.1315165544809833,7.431155358739473,3,0.0
9.865834427941255,10.877227014835556,1,0.8107232419849179
8.625938889237062,11.900931469408366,5,0.0
6.146089480810764,4.377337263377028,3,0.06017513774466158
9.842511518924665,6.549579335651184,3,0.018474306640255747
3.8620123517023064,5.675720444758416,4,0.0
3.630993822740588,8.461018218745753,1,0.07914292136543372
7.706053226704322,4.055580269582217,2,5.208498921308865
7.191253718103364,9.821217653389343,1,0.3565803399003664
1.4071385783392714,2.2879944915817436,4,0.0
8.921890963421408,7.084221654807449,1,11.172484536687097
9.208189814167898,5.630574434345507,1,21.892619346083286
6.128908237547394,4.393919659503776,5,0.0004952393026006323
1.969371690913294,7.5394978937760175,2,0.0006514786627565086
5.498835857490873,9.314609880154219,1,0.1437753602306501
4.4817381946973525,3.8760370842908203,2,0.11021538631888758
3.816646884385552,6.215016280561565,4,0.0005024304577174711
2.0617097994124274,6.699464332351929,2,0.0014687645972595242
9.860892613381333,7.4964692092277705,5,0.00011394205000895771
1.7179789977952233,5.491954602561432,5,0.0
2.5768780178040074,6.3688307927481995,1,0.10437097082792719
7.266233500935447,7.41256632941847,3,0.010789388505537435
8.646805332629592,2.2120926008658417,4,0.8184179929359879
6.114414536891335,11.650981666414214,3,0.0004866579327727734
1.5384091200258405,8.610920787780612,5,0.0
5.604157857533656,11.795210903744966,3,0.00034672920457360013
1.172983025103326,2.2653700500466174,2,0.02933735373190391
7.483742874061495,5.767776744605603,2,0.13512744085104833
8.143871566937056,8.13742549132056,2,0.041651760541896315
1.762778525972326,3.9665050661668957,3,0.0005867306604661667
8.296321100803297,11.861786616462206,1,0.16597058128957318
5.8391504158095096,10.631469900663863,5,4.455570573848912e-05
8.09237269253293,10.94579065210575,4,0.00030727991695742344
2.726783577322296,9.326505453745998,3,1.8174438998755915e-05
1.090141676577261,3.7262669540008977,2,0.0051683136917668885
1.8139098270898333,5.982343375011573,1,0.1250164461832791
1.2718992275607441,11.113942455190951,5,0.0
1.5154995821019497,5.699531513801463,1,0.04986287772599064
8.959688844893368,4.728226123752869,5,0.001992261086025494
8.048502006256523,11.805813270276005,2,0.011042048407173533
2.1443028276728615,8.420106282832217,3,0.0
8.841116541793404,8.072110587037226,2,0.037904908302332445
9.89586350831594,5.156134194162583,4,0.013593879653882965
1.1538135986912934,3.2369228830416956,3,0.0
1.8627599035573008,2.088510746427054,3,0.00978850782462481
4.5141072217999,4.359620455684289,3,0.009447123803338661
7.080994745875294,8.529064411799784,1,0.5810412072567279
1.7640068245743636,4.589499241909705,3,0.0006610436428616766
9.494505657380104,6.095470002848542,1,14.828444028641906
1.0825205019068371,11.841034791319196,3,0.0
3.6034053348651325,8.131839475589999,5,0.0
2.228722058446865,5.622250052167381,3,0.0014567135813742737
6.85842538213632,7.8742639542892015,1,0.525277622857187
9.656405476922842,4.921585140008547,2,0.5939875350491489
8.862161880079753,7.8850616947416325,5,0.0
8.332903997260711,4.306536450558477,3,0.09583705305416396
4.830024484876038,4.183696381110911,4,0.0007791215197259794
4.670778261361502,9.207897195684158,1,0.13371063523949386
8.32409422645885,8.585600452043899,3,0.0034107845251114505
3.559675656093647,5.43670872029465,1,0.42496168867322787
4.997839355041057,10.39873965458418,5,0.0
1.01524844684057,7.139136736365852,4,0.0
5.300748481730146,2.8362221656363076,4,0.012491006616832528
6.5447206801038975,7.620464445736239,1,0.4731747573097118
1.96351657290296,5.02916535866558,2,0.021971118827585453
5.169344730254808,11.341807955657478,5,0.0
1.8137712901449063,8.31593786337339,2,0.0024577851954910575
2.727882989810574,9.907667151216177,2,0.0028473380988058693
8.837098712607354,11.826765608343438,3,0.0021384848556760564
7.202754791441074,9.728812293994864,2,0.01907274422959611
4.282078800604989,3.215381619584759,3,0.0325640737203484
9.754567028505376,11.586604670435072,2,0.025823941261074013
3.94736000770469,10.875098459111449,2,0.004030036985924795
4.300050471921957,3.1599882959884122,4,0.004221625339585199
9.34427128087104,6.582681612275412,5,0.00190963250625221
7.519681761917375,6.191991340148529,1,8.692190370630817
1.5602504593713642,7.495472148688991,2,0.00017280351719322465
6.178749825641642,6.775234433501485,3,0.006950762084936734
9.054815199860201,5.257059029141694,2,0.3707575870084323
7.6167704763619035,8.753599817918687,2,0.03476923105439423
2.6117957570034647,7.26868120897734,4,0.0
6.864876944933105,2.314065737492938,2,16.84789177604952
8.340449610303807,5.844695956145872,5,0.0008066607889842464
8.367752355101327,11.882833653086733,3,0.0013664312563597114
1.1884341658046806,2.3938152852489543,1,0.2768560781081126
4.872520959328883,7.810924625576893,4,9.875689882712192e-05
9.11475993282222,7.486796094965994,2,0.07351901757746303
3.906084134019616,9.926028363641159,5,0.0
4.910747433505367,8.2409492823449,4,7.52393915940576e-05
2.3259900005955734,11.590936131947865,5,0.0
5.78580187411178,8.905052683365362,1,0.17105016522284047
1.7723214427788312,3.037223827366671,3,0.0009649079781076163
2.310395171572236,4.600609613744606,4,0.0
7.249761332054448,6.2486948101912105,2,0.0870139470882768
4.313754757844071,10.694276314657989,1,0.04167268835027653
5.005467590264114,9.609991777778808,3,0.0011710282592857278
8.290222847539315,7.264744549823312,2,0.05883054573450806
9.165125877365425,3.949592113045248,5,0.0074236325751372645
3.4971444489415635,9.35425963973455,3,6.620223372949083e-05
2.9727260711230006,4.848244754275376,4,0.00020626877288710277
8.866251525461427,6.583057581688957,1,15.380629025743946
2.2380600198531284,2.069308643214341,2,0.17723121416135906
1.9364512308904525,10.701628343071006,2,0.0003203790365833064
1.0854540204111582,6.733049497044368,3,0.0
6.6957978966386245,2.80251081877758,2,6.535623131020048
5.870731394542364,11.711093316448157,1,0.09750554403175316
7.29115225207353,2.500769042651953,1,34.061952023725134
8.120148000360471,4.7000209355407865,2,0.35866694555605627
5.79496077917651,9.709362329916047,1,0.13383537450822738
9.71437200902593,7.732306935246072,3,0.007730801585912673
9.874273276397258,5.202908732601639,2,0.6377895896054947
5.783361793896562,3.430135834577597,2,0.5874296813289176
6.479151204586489,7.538160881458644,1,0.41688748536758413
8.982297908551587,3.1143547320840197,1,35.71495667558521
7.374853719579844,5.355610733485449,3,0.014488368469912541
5.585202806089049,6.703671107632157,5,6.29526126647089e-05
2.970627613226913,11.391953810928742,3,0.0
8.986785818123298,11.628289470806296,2,0.007944581314973592
3.941360095388674,9.012595559464863,1,0.09004502914821039
6.108982002404468,9.309233312113594,2,0.009617055467919234
5.073830977849308,8.68584214942226,3,0.0006690296168455648
3.2613609275742608,6.038320448956744,1,0.2190957311414083
6.375599751912541,7.665348704245366,1,0.46411478486784624
4.403752004215713,3.683375182837036,5,0.0004217285187402158
9.524522419887777,10.145238213427351,3,0.004020599584380483
7.2017298490853845,8.667222800280584,1,0.6372117458418396
7.0887000670143685,10.563824722632312,2,0.013392399630433083
8.560630888618746,2.1781269101603487,3,9.782796598324957
6.713213366149514,10.307153662115596,3,0.0008119085797014489
7.682025411620852,3.239951402245536,2,8.145688986336813
8.020635218829398,4.908361354108852,2,0.9110047476932464
9.557200595797886,11.146682947650154,5,0.0
6.422805665258482,11.701025025200265,1,0.08418878402720786
6.834425091065207,9.525953380251668,3,0.0039120922297698245
5.363697500117502,11.411021642171134,3,8.086380672349184e-05
1.4203525741205527,3.6258322622689136,4,0.0
6.491545107418811,8.46790203201724,4,0.0003411065408186321
6.1545899247828535,5.417768887679243,1,7.723430320906155
5.965771988880251,7.656080266160776,2,0.01668788087184342
7.176861731744314,4.78694974847279,2,0.2604935653812689
6.056574016135007,6.057189135000425,2,0.060007416992068914
6.867441473651383,11.745273886905743,4,5.6876058792220254e-05
1.3325044986140113,7.158386824295916,4,0.0
1.8802312715168101,5.941120278108069,5,0.0
6.2027550356245555,2.108538038853151,4,0.0878390278647183
4.1911105263397985,11.07485560595123,2,0.0035946447163752635
6.796380507661752,4.202978918808643,2,0.2617529149628602
1.316128957104213,2.8299906252585956,1,0.22503786584526372
1.4445128688764837,11.468059178421118,5,0.0
5.646198472614668,6.782534323472669,3,0.003813385792768551
9.309182113870751,11.573362246664267,5,9.53587913305516e-05
1.6538915744566882,2.8088673860962317,1,1.1005078076109367
6.995718968126483,2.1667663037509106,2,17.122707597598122
9.847208627731659,4.284514472159516,5,0.011796606020448002
5.1453483270297005,7.4268850258811625,5,0.0
2.061184952253434,3.3423215870253546,3,0.005946749761381547
4.983545590534417,10.180806543504675,2,0.00377710797608958
1.6042889610666777,10.538376422435817,3,0.0
5.870832865075242,9.29429878959562,4,6.266688930802761e-05
3.3763702302365934,11.544353323083868,5,0.0
9.6958997324758,7.113739092127081,5,0.0007445580092547975
9.7762285572369,4.8240660431967335,5,0.003659570017877025
7.738805074593944,2.8973560890518426,3,1.7137684665423667
6.648498458829496,10.045572302384944,5,0.0
8.446538313403526,4.689188856282229,2,0.664512856847237
9.818321616109115,4.770328963841893,4,0.017080015843696218
8.935943957418997,10.871965642567764,4,0.0003620340451662821
2.465064021274691,10.34618293193272,4,0.0
8.993309571452404,8.19281303956927,2,0.04426189427203013
6.055356079238333,4.169171815162177,5,0.0004158064155984421
2.883969780273806,5.459021363468388,1,0.1679233051347904
2.3271793007089654,6.925301783335538,1,0.037841587237083606
9.069315540505317,9.263709299453518,3,0.004552594732521374
2.653448934833489,8.643605620581033,4,0.0
7.281537362766448,5.874034504599203,3,0.01452391072740129
5.221982972181783,9.327884810896403,3,0.0006313427420291827
7.609898000552692,5.9231858201138445,3,0.007700644201292521
5.77343030106223,7.859531508167289,1,0.24718931361234595
9.779432057888927,4.476647745316649,5,0.004614270023894407
4.585191735239756,9.676487620509597,3,0.0008788558101520236
6.6489731953855395,7.821838976733696,4,0.00033402469480529613
1.964615759935483,9.050716805045116,4,0.0
9.141335706389057,4.034524376063434,5,0.0117740416222088
6.708685822291523,10.615127585146173,4,0.0001511197728237049
3.0532024186778237,4.04427422649739,4,0.002756875266243813
2.9162495706850713,5.371007900066027,1,0.17142020731928898
2.904127613073297,2.487397692803434,3,0.00546939919627423
1.4974212447838844,3.2899667688661753,2,0.015773264234292716
1.9003189833480383,9.236019846655347,1,0.024740272429698038
8.74296294785848,8.997532489002262,4,0.00035147980108565135
3.318810361908368,7.632429500114998,1,0.14022724218698857
3.3132837365237173,9.836552373185006,2,0.005265357845807035
2.7766032129006195,2.994365497303785,3,0.0012532911948212632
7.32309308478869,9.609003217557145,1,0.23818169084726695
4.54974807164607,8.667921351880057,2,0.005436655208183789
8.5082649357932,4.579929324973057,2,0.6602339299245547
8.134170538352578,8.300347028156041,3,0.006315369747059038
3.147952488709908,9.742213306981924,5,0.0
5.574488612503895,5.891982584435704,3,0.007988734441623338
6.713386387160005,10.033074357996405,4,0.0
7.201008145101722,3.1798718194002635,5,0.008469971748479384
2.5061880579527114,10.160786520772048,4,0.0
5.888224938225925,11.011261322156644,2,0.009579386142561867
8.65076127727059,2.164471680189834,1,35.73328263336198
9.308977001640788,8.46679671641849,5,0.00012001299284169916
4.921136940845464,4.528836800327166,2,0.0828558787694714
6.768486466655817,8.345553484040048,4,0.0002533814914871964
6.94294182409384,11.97187500201962,4,0.0
7.253644436315508,4.307144252942209,3,0.03578463876175852
9.789080035577278,7.45834784047968,5,0.00017373086377054473
8.436107302338677,5.285801843607871,1,18.150069309989338
9.58472350895785,10.530531554885096,3,0.0017760359875358127
6.711575982748259,9.774284316377912,2,0.007645364923069859
7.53111196287707,2.0472974227253706,5,0.10269251938678126
8.525810199884319,6.601137983586164,1,11.83309054992329
3.860443199737893,11.754863541703665,5,0.0
6.530858708720743,5.863084759242408,2,0.059254314999506494
3.0764137223819015,2.094022550687418,4,0.005940365480056697
8.119968032863094,10.592381971545805,2,0.013212635629157834
7.433999884068454,3.854685260968112,5,0.0015498536258725492
5.711235377973298,6.831815757836897,1,1.0142587011874047
8.200058094663936,9.43039471853194,4,5.608220676481857e-05
9.422843713874386,8.528486018124411,2,0.04674609808750447
5.056566300756848,5.26151877264329,1,1.846401886465802
3.50110005179234,7.850019378253528,2,0.003038605074965334
9.622406246333341,10.623305709144958,3,0.0016783700161326638
1.9028963033538115,9.837063841674969,4,0.0
6.329802636545729,10.701231000913195,1,0.18947047473923492
9.546364567536875,8.506220979098819,5,0.0002245572986629269
5.377391750035921,3.9779180305973467,3,0.02070875671106599
2.1456282367655657,11.712907577150164,2,0.0004390992626554156
4.102170243105609,11.340793162719327,1,0.051438792311021
9.378347792754615,9.020118354306385,3,0.007105718312583032
3.1633005011755055,6.730884425754439,4,0.00024348104927262614
7.589792125888881,5.325302139627341,2,0.13237072479690676
2.9895468495282946,9.688336808860909,1,0.03592278752256797
7.988606425800553,6.725026877639636,2,0.11003356784062794
6.622283535009363,11.448672373240791,4,0.0
3.40076194178617,6.854004538356531,1,0.1732992797059768
5.182612766287576,11.563104375683992,3,5.367019507880125e-05
2.0128790987439382,6.504157169621763,4,9.676690804211161e-05
2.2280588285138037,9.151813329419223,3,0.0
4.147981816152862,9.05943250893529,3,0.0006519510117067296
9.32736771808124,3.266675748503523,3,0.7632516902535232
9.315704910216382,9.726947504615076,1,1.185019546003587
2.505476420432743,5.105645804395686,4,0.0001514281105740427
4.112659220783282,8.338010657842503,5,0.0
7.734837741395857,3.4242664153315863,4,0.02113875469674606
4.65127494390578,8.646329064971177,5,0.0
8.597529708796522,5.626086674743384,4,0.004759955173795494
8.849448174819862,8.094143282958715,4,0.0009434372540500694
9.765537592928894,6.114375120892799,4,0.007860553214750763
1.0605852442350883,2.7956921395006766,3,0.0003654597806876581
2.723404051074519,6.7932780274752265,5,0.0
2.7469299431829834,10.513781541693938,4,0.0
9.955391677606412,9.911973551914583,5,0.0003738177858055707
2.5565783581639376,4.629146510660162,2,0.014778151504214436
7.101013354823354,7.0135132777930025,3,0.007849234678415654
1.0834693290212538,11.560461704579943,4,0.0
4.738532354383791,3.289049576090945,1,9.08039217508801
2.5841978057738437,5.650006110744388,1,0.18133939265145405
9.535560441511354,3.056340992880175,1,31.56872912359489
7.734127010905966,11.031242723753284,3,0.0010165508457321629
5.296843975683035,7.886212756122054,1,0.22246444522009107
3.0568242880801604,11.969111203723022,1,0.026508666652037473
9.080493264460513,2.697608034071794,4,0.4235304094453655
3.1693041903905734,4.770192061083132,2,0.01644858169756216
2.499761649954456,9.085029885092798,1,0.044080154330029236
4.373416892177086,9.313119284576416,1,0.08893056622701422
8.222391439764563,6.3578242085712215,1,13.050922465149126
1.984668201646286,4.837292551784538,3,0.0001938488593007924
6.058808017584485,9.598255615862865,2,0.013937209613496265
8.764585436796377,5.357211351886431,4,0.004586328362762567
7.06991603651287,9.27514265483175,2,0.028489750557229424
2.7758416332591773,11.752960922628848,3,0.0001668948457665221
9.967399979203252,3.8419097913535953,4,0.0727282544677448
4.676815308944926,8.071612528322209,3,0.0013304799690218108
5.1879104521702395,7.712897660638844,2,0.013070120673650484
4.050751353757864,4.027589448692365,1,4.0080658851581
3.555530005775907,11.804179327762277,2,0.0027341968950501225
4.2118272063744255,10.2289164511773,2,0.0037641544968991117
8.186060208203608,6.778236526548412,1,10.78392398767943
1.5067020996594693,11.145197228520384,5,0.0
7.612356411141756,7.598795969521841,4,0.000596637947876561
6.470444940496231,5.478079086407623,5,2.2832864851107634e-05
2.6045299102322637,8.983628744223406,5,0.0
1.9922104501709388,7.768755485574091,4,0.0
6.737986500888051,8.74651776967632,1,0.3962642618336894
8.831115444524777,8.904035795407719,1,1.4891697198071803
4.720767783770039,8.673698127952623,4,0.0
2.527487983762419,9.522063360723491,4,0.0
7.306952870850669,10.116173589128913,1,0.29789534959883496
2.222830889661019,3.6816498630619847,4,0.0008977073628023201
5.1149734028571805,5.097243815200792,3,0.005516232189083888
8.560555831085326,10.414501883647924,2,0.016506262549973585
2.29739018201675,10.653426950131504,1,0.024017909009259094
3.278980585768129,10.30846887679584,5,0.0
1.073074088104596,11.129081129291603,1,0.0018059025224934856
1.2474472057353618,3.400798857179307,5,0.0
5.712759995213584,3.4794906509317087,5,0.00357424156017006
8.64695618429252,3.5559892302562717,3,0.5832824746822467
7.4101012492294975,7.325469461636363,2,0.03544760948210378
1.5455696507890229,2.129514197658934,3,0.00810316665830833
5.762677907882302,11.014657188555605,4,6.373595080775717e-06
1.4293971699936692,4.744488874656341,3,0.0012667566931743718
7.498946661070418,7.344161107782454,3,0.004022393722082154
4.921438028074116,2.3301730626588952,1,27.47964220371278
7.301079355645474,8.28467011262833,2,0.024819599012080227
8.875682663502936,3.466462378969874,3,0.5199144491667669
8.153766080517302,3.8718339417426524,1,26.800213453108945
1.8193269820553537,4.083746209580568,1,0.19215474727946005
8.891608076218828,9.487228051832624,4,0.0005757663484261649
6.646808141792989,3.6044940894256476,2,0.6548822862820207
6.247500891570712,9.133876512182017,2,0.013963331213952851
1.1566681048435963,5.896336137030878,1,0.032965089761336136
3.3101184819677694,11.447252151878715,3,0.00015854821685390124
5.552223467866278,5.962176026043317,2,0.04150819907627819
9.823052755162974,6.825840979883208,4,0.002955141626180756
5.330863039155482,5.732553674751646,2,0.03945481401092962
9.53452051516901,4.134218957934061,5,0.002171584763402038
2.446789659200653,10.49257036718586,4,0.0
8.680133245539032,8.052338490220102,3,0.008091549125225486
8.368698235034755,4.322625632370059,1,30.58758575244474
1.0979290431544784,6.530467892182141,3,0.0
8.691842781700542,4.510464799971137,5,0.0025079583135186093
9.118719545294699,7.346136499075217,4,0.0012529124226483342
3.8050207454263485,6.776532730101511,2,0.011756054195928374
6.785050039542778,8.000956522043337,3,0.0023716706354873465
1.1497698352362424,7.67245548175789,4,0.0
2.601432549094803,10.566247508539067,2,0.0003840370428961819
6.632838781298323,9.001412571158852,5,0.0
1.491887844134339,11.601325959738698,5,0.0
8.45779648508353,2.263714120862214,3,13.532909227403115
9.549196169388914,2.28187893483428,1,41.16624986013549
4.854608072987166,8.779899999332365,3,0.0006798685829282686
7.698011365451111,3.243392602442558,5,0.0077629972934072314
9.810765136114616,5.449254283828119,3,0.04827037100786795
1.6234771561494168,10.968320174333227,2,0.0003502716529844276
5.683243705239363,6.188780605193005,1,0.8381376642097947
1.3469295704420774,10.666900554959998,3,0.0
3.063292177597674,6.090102904626164,5,0.0
3.3793592492948132,11.396945032192836,1,0.03392798532303468
4.231537420951763,8.172123581865598,5,0.0
9.609412138891214,6.598324571006781,5,0.0009230872284451447
9.951699547806399,9.950923625894841,1,1.3439920621942598
9.853034379075552,10.072231387635009,3,0.00756379768573451
4.070645572510312,5.5179402020541515,5,0.0
8.843473719812721,3.2278014267831097,1,30.096020595494497
5.634975106520511,11.30651714889809,1,0.0665228920954067
8.003807849285602,9.59484049002478,2,0.027442890234768563
4.548659533295739,10.033509637716083,5,0.0
8.498635355431734,4.1834758421647935,1,29.278349768524212
6.197986648956056,10.250861591308903,3,0.0005614100662920976
9.986356979173078,9.522053579968258,3,0.0031849089977656927
8.069779601890374,8.124911528719824,2,0.03319481749202422
8.314810280784698,4.430657732226313,5,0.0034695878004000038
5.760777093114648,4.131049941503191,3,0.019221558778650585
8.543541825266743,6.129653640522549,1,16.991086250758183
7.990747094816969,10.933059519765202,2,0.010345527314748542
9.193158895532143,2.812348887411114,5,0.07016102500884432
7.240740674215788,11.292670251821235,1,0.21549272430308913
3.1130534395691645,4.151494695669191,1,0.295017750556852
2.7033936365988063,9.329743725388884,2,0.004641900248330844
1.3825688198910437,4.548234129030532,3,0.0
2.703775672322879,4.927138071615131,4,0.0006056267047988734
1.3522456796860918,6.6938071127930865,3,0.0
9.551554166265182,10.525347034651471,4,0.0004986335779723222
1.4046727146867877,9.860693651956108,5,0.0
7.219270152400054,2.2142552326603187,1,35.34733238322323
6.958920669085867,7.113425655101364,5,0.0
1.5319454881335752,10.953050128595649,1,0.005402193712568428
5.837951058889937,8.184770643098414,4,6.365265879781627e-05
9.4021025536946,8.83407579342195,1,2.0337742285751212
5.047931632020831,6.635657597683918,4,5.981789432079944e-05
7.3806705173447495,5.717861944323822,2,0.13282712272788813
9.131612236295982,10.108341764975307,5,0.00010105106283012808
3.9123274566107553,4.029300369642899,3,0.008329673819552741
7.703747852023603,9.69620072203621,1,0.21719118785677533
1.2463004997073703,6.137993118046196,4,0.0
2.3104964723050783,7.464470697053504,4,0.0
1.9019699259903453,3.6024190200897426,1,0.251003385631778
4.865771481444259,7.598444483995078,3,0.0033419064418264244
9.47180813282237,6.444075807064576,4,0.006268135141042445
4.222295853456446,7.90648159510529,3,0.0011469387410635858
8.848530391391435,7.8391606160045715,3,0.007299105628371653
9.832676174046371,5.665099407386185,3,0.03915863461976905
7.043890853051477,6.730430608566057,5,0.0002687711937077876
8.767778227250485,8.504558338336418,1,4.491483988756109
8.480725107914719,9.546548323848896,1,0.599939260872898
7.187155655666936,2.8461737278724346,4,0.0710599327790842
7.16308651997212,9.275907377100008,3,0.002932927066627919
6.796934553144611,3.0521676156632243,4,0.05451191689814794
8.781190414374581,3.949670360361541,4,0.02385135675570701
1.2688269696477184,5.255280548343936,2,0.005067348266548099
7.821147287598674,3.4486052340467657,1,29.3788086957369
6.314242689798003,10.01433140650468,3,0.0021503749814501608
2.873570627887366,6.640097594602841,5,0.0
8.251344875667703,9.248679129110792,5,0.00017578687106164028
8.224972655944754,8.230387905980725,2,0.02232748441264502
8.047007930801609,4.90509366686151,3,0.031151112615661378
9.033847898869396,2.3127778163206942,5,0.16851756310208296
1.306122007962864,8.492622599292284,1,0.01116456412437734
1.2352811223422107,10.357438445545231,4,0.0
6.8939193435526045,3.1942794309278004,2,9.225861143926414
4.57084702856602,7.319412423220699,2,0.0076989421117138615
8.962899209583558,10.384418853881499,1,0.5868802706150652
1.205068406005743,4.340088907206681,1,0.07575241619974314
8.227432541701956,7.975050128850027,3,0.010046445724018
5.408730414970248,2.358814940944363,5,0.007363298317003946
1.1864690322418578,10.383582570270823,4,0.0
1.4480238845608815,7.364514501149118,2,0.0020885426463672914
9.100140088412672,3.2369282795103755,1,34.3762612635156
1.1148900294764057,10.53184503321977,2,0.0
4.822407547213679,3.926089685823573,4,0.006530159726580141
1.166501756936404,8.29734554576692,3,0.0
7.744196851775781,8.272281637201198,4,0.0010398785156292849
3.0879776734634,7.843562426983723,3,3.1005951203184454e-05
2.607243463234082,9.265814574105509,2,0.0011788892630828112
6.034578376435418,6.765282900025671,1,0.9957196236613005
7.01547224614747,11.783060892602412,5,0.0
7.104498636176885,2.7487113622324024,1,30.576829471015078
6.140034289164099,4.980049620668492,4,0.0016232757562216938
3.237643744052667,3.3532737668653736,4,0.0004198025465791767
2.808486783591173,9.424211808410625,5,0.0
6.377670643786385,6.674478433349156,5,0.0
3.4150611295231235,11.821715228798068,4,0.0
2.9102873262924844,5.267855982364627,3,0.0022922937586116244
4.03957780871261,3.7408147248230876,3,0.01615010423069437
1.9180685518049194,11.261544626951014,2,0.00046819330833492345
5.190488995866141,4.753257906846561,4,0.00016334217646691782
2.3471296255170606,11.458422457253471,5,0.0
5.730402822041286,4.768272597574965,2,0.1182625133593475
2.0890113426152688,5.287503002878327,4,0.0
9.187092855815573,8.561358193385072,4,0.000988496031301594
6.585729433954734,11.450061742416734,3,0.0005127141206791774
9.996327101719578,6.3508433351921365,2,0.1938628426738327
6.658391189567649,6.1747371595220315,3,0.008761131334657545
3.2918511308691016,9.787361277572007,1,0.045669394651151926
5.879426226173529,2.352388237268584,1,27.55441185331196
5.678728166569033,6.238431801606132,4,0.0004675312990860754
6.878914924652881,6.932038952901991,3,0.0068977804081595305
2.4472697564139967,10.633866581980254,2,0.0007047883301982768
6.793724100388424,10.046504191154295,1,0.20077934461445746
7.888951824290696,4.964041221819473,4,0.003939012054243376
1.3050280924214777,8.237589721331755,5,0.0
6.83394336298439,6.607217061695009,3,0.007362296288431783
7.994473249293695,4.1538497550806905,2,0.7012416269655636
9.40242370333466,6.346040665106333,4,0.005671129418659518
6.864329130622654,5.96975672507304,5,8.459217211659584e-05
5.254993546294641,10.754434835570017,1,0.05948118434342378
8.776386322095531,8.92593179041502,2,0.042319326701526806
2.9397537333268544,7.519810525650842,1,0.08656308057973358
7.693752582988338,4.503532311635421,2,1.6781404835013143
9.79645508033111,5.589865844668955,3,0.05982954872215916
9.918507136520427,7.317263047164424,2,0.09885953837937347
4.856900190925301,2.6608071711442607,3,0.08108271172888179
7.885081575550947,11.409290236694167,1,0.2557717003942932
9.918289725485748,5.589093950601927,2,0.5777165050345217
6.151189266060461,5.5591523466123265,2,0.06761060612904651
6.950896782721754,2.8087657188987487,4,0.12857588630005762
6.339565218292782,4.092069279358776,2,0.26143079317451406
1.3063037824561865,7.559063340721892,5,0.0
5.584341383969601,8.751373760847075,4,0.0
2.2468805582909135,10.439760477384995,5,0.0
8.314121874930073,10.261909331121965,4,3.186783172221966e-05
8.979864950374036,10.327347590180828,1,1.1867933900257035
6.4198294389748405,7.983097478630439,1,0.6598439944782688
9.758012219723078,11.296826560468617,2,0.022415727726125365
9.851324907473193,6.326124975738517,1,17.307679670706243
2.6875626730968785,4.9035004783851734,3,0.001284742757360324
4.885441383345034,4.284702780128956,4,0.001633507761685569
1.6821304247273916,10.589243550554828,3,0.0
4.682245084732662,8.460424445460795,2,0.008276560075795615
5.771885683197889,3.8146801957709036,1,19.07157843915751
8.799137494114584,7.091546383653538,5,0.0002014727203021007
9.172567937966663,10.471455757375516,2,0.02404057954343221
1.8627989723341765,7.531438599329142,5,0.0
5.566431698874752,3.061369031485808,2,0.7123829460117584
9.476387103562367,10.926986131064066,4,0.00037174936556114385
7.0262007895186205,3.803188782751298,3,0.057887481817722394
8.656425200985712,10.591857929904425,3,0.0009157732215987549
